{
  "swagger" : "2.0",
  "paths" : {
    "/BooksAPI" : {
      "get" : {
        "responses" : {
          "200" : {
            "description" : ""
          }
        },
        "x-auth-type" : "Application & Application User",
        "x-throttling-tier" : "Unlimited"
      },
      "post" : {
        "responses" : {
          "200" : {
            "description" : ""
          }
        },
        "parameters" : [ {
          "name" : "Payload",
          "description" : "Request Body",
          "required" : false,
          "in" : "body",
          "schema" : {
            "type" : "object",
            "properties" : {
              "payload" : {
                "type" : "string"
              }
            }
          }
        } ],
        "x-auth-type" : "Application & Application User",
        "x-throttling-tier" : "Unlimited"
      }
    }
  },
  "info" : {
    "title" : "BooksAPI",
    "version" : "1.0.0"
  }
}