{
  "tiers" : [ "Bronze", "Gold", "Silver" ],
  "description" : null,
  "apiDefinition" : "{\"swagger\":\"2.0\",\"paths\":{\"/googlePlus\":{\"get\":{\"responses\":{\"200\":{\"description\":\"\"}},\"x-auth-type\":\"Application & Application User\",\"x-throttling-tier\":\"Unlimited\"},\"post\":{\"responses\":{\"200\":{\"description\":\"\"}},\"parameters\":[{\"name\":\"Payload\",\"description\":\"Request Body\",\"required\":false,\"in\":\"body\",\"schema\":{\"type\":\"object\",\"properties\":{\"payload\":{\"type\":\"string\"}}}}],\"x-auth-type\":\"Application & Application User\",\"x-throttling-tier\":\"Unlimited\"}}},\"info\":{\"title\":\"GooglePlus\",\"version\":\"1.0.0\"}}",
  "type" : "HTTP",
  "sequences" : [ ],
  "visibleRoles" : [ ],
  "corsConfiguration" : {
    "accessControlAllowOrigins" : [ "*" ],
    "accessControlAllowCredentials" : false,
    "accessControlAllowHeaders" : [ "authorization", "Access-Control-Allow-Origin", "Content-Type", "SOAPAction" ],
    "corsConfigurationEnabled" : false,
    "accessControlAllowMethods" : [ "GET", "PUT", "POST", "DELETE", "PATCH", "OPTIONS" ]
  },
  "subscriptionAvailability" : null,
  "provider" : "admin",
  "endpointConfig" : "{\"production_endpoints\":{\"url\":\"https://www.googleapis.com/auth/plus.me\",\"config\":null,\"template_not_supported\":false},\"sandbox_endpoints\":{\"url\":\"https://www.googleapis.com/auth/plus.me\",\"config\":null,\"template_not_supported\":false},\"endpoint_type\":\"http\"}",
  "context" : "/googlePlus",
  "id" : "755da92e-c885-4f32-8422-aeefde5ecefc",
  "thumbnailUri" : "/apis/755da92e-c885-4f32-8422-aeefde5ecefc/thumbnail",
  "wsdlUri" : null,
  "visibility" : "PUBLIC",
  "transport" : [ "http", "https" ],
  "version" : "1.0.0",
  "endpointSecurity" : null,
  "tags" : [ ],
  "visibleTenants" : [ ],
  "cacheTimeout" : 300,
  "isDefaultVersion" : false,
  "businessInformation" : {
    "technicalOwnerEmail" : null,
    "businessOwnerEmail" : null,
    "businessOwner" : null,
    "technicalOwner" : null
  },
  "name" : "GooglePlus",
  "destinationStatsEnabled" : null,
  "gatewayEnvironments" : "Production and Sandbox",
  "responseCaching" : "Disabled",
  "maxTps" : null,
  "status" : "CREATED",
  "subscriptionAvailableTenants" : [ ]
}